size,succeeded,timeout,duration
500,500,0,5.268586ms
1000,957,43,108.948259ms
1500,1457,43,190.543517ms
2000,1957,43,278.49587ms
